ID	Description	GeneRatio	BgRatio	pvalue	p.adjust	qvalue	geneID	Count
GO:0006364	rRNA processing [biological_process]	13/255	72/7127	1.24857334939678e-06	0.000300906177204624	0.000300906177204624	YCR018C/YDL229W/YDR299W/YGR159C/YHR062C/YHR085W/YHR148W/YHR197W/YKL009W/YLL008W/YNL112W/YNL182C/YPL093W	13
GO:0031505	fungal-type cell wall organization [biological_process]	13/255	80/7127	4.29671791038559e-06	0.000517754508201464	0.000517754508201464	YBR067C/YDR055W/YDR077W/YDR528W/YEL040W/YER011W/YIR039C/YKL096W/YKL163W/YLR194C/YLR300W/YOL109W/YOL155C	13
GO:0006799	polyphosphate biosynthetic process [biological_process]	3/255	3/7127	4.528527117814e-05	0.00248046825533064	0.00248046825533064	YDR089W/YER072W/YJL012C	3
GO:0006730	one-carbon metabolic process [biological_process]	4/255	7/7127	5.1461996998561e-05	0.00248046825533064	0.00248046825533064	YAL044C/YDR019C/YKR080W/YLR058C	4
GO:1904659	D-glucose transmembrane transport [biological_process]	4/255	7/7127	5.1461996998561e-05	0.00248046825533064	0.00248046825533064	YDR277C/YDR342C/YDR345C/YMR011W	4
GO:0005978	glycogen biosynthetic process [biological_process]	4/255	9/7127	0.000175004331291363	0.00702934064020307	0.00702934064020307	YFR015C/YKR058W/YLR258W/YMR105C	4
GO:0000920	septum digestion after cytokinesis [biological_process]	5/255	18/7127	0.000329371535032841	0.0113397914204164	0.0113397914204164	YCR057C/YER124C/YHR143W/YNL327W/YNR067C	5
GO:0006796	phosphate-containing compound metabolic process [biological_process]	3/255	5/7127	0.000429162996037442	0.0129285352556279	0.0129285352556279	YAR071W/YBR092C/YGR233C	3
GO:0000462	maturation of SSU-rRNA from tricistronic rRNA transcript (SSU-rRNA, 5.8S rRNA, LSU-rRNA) [biological_process]	9/255	67/7127	0.000579863917571332	0.0155274671260768	0.0155274671260768	YCR057C/YDR299W/YGR128C/YHR196W/YIL091C/YKL078W/YKR060W/YMR093W/YOR004W	9
GO:0055085	transmembrane transport [biological_process]	9/255	70/7127	0.000803352109239076	0.0183079487615025	0.0183079487615025	YBR296C/YCL025C/YDR342C/YDR343C/YDR345C/YDR536W/YEL065W/YFL054C/YIL121W	9
GO:0006189	'de novo' IMP biosynthetic process [biological_process]	3/255	6/7127	0.000835632516085176	0.0183079487615025	0.0183079487615025	YAR015W/YMR120C/YMR300C	3
GO:0008645	hexose transmembrane transport [biological_process]	4/255	14/7127	0.0012064556355331	0.0242296506802897	0.0242296506802897	YDR342C/YDR343C/YDR345C/YHR092C	4
GO:0015891	siderophore transport [biological_process]	3/255	8/7127	0.0022179973831166	0.0411182591793154	0.0411182591793154	YEL065W/YHL047C/YOR383C	3
GO:0006144	purine nucleobase metabolic process [biological_process]	2/255	3/7127	0.00373540839611305	0.0500129679701803	0.0500129679701803	YGL234W/YOR128C	2
GO:0006650	glycerophospholipid metabolic process [biological_process]	2/255	3/7127	0.00373540839611305	0.0500129679701803	0.0500129679701803	YMR006C/YMR008C	2
GO:0009636	response to toxic substance [biological_process]	2/255	3/7127	0.00373540839611305	0.0500129679701803	0.0500129679701803	YGR177C/YOL002C	2
GO:0035435	phosphate ion transmembrane transport [biological_process]	2/255	3/7127	0.00373540839611305	0.0500129679701803	0.0500129679701803	YBR296C/YER053C	2
GO:0071218	cellular response to misfolded protein [biological_process]	2/255	3/7127	0.00373540839611305	0.0500129679701803	0.0500129679701803	YGR234W/YJL082W	2
GO:0006797	polyphosphate metabolic process [biological_process]	3/255	10/7127	0.00450634969360443	0.0571594882188773	0.0571594882188773	YER072W/YJL012C/YPL019C	3
GO:0000480	endonucleolytic cleavage in 5'-ETS of tricistronic rRNA transcript (SSU-rRNA, 5.8S rRNA, LSU-rRNA) [biological_process]	5/255	32/7127	0.00514227500025438	0.0619644137530652	0.0619644137530652	YCR057C/YGL171W/YHR169W/YOL010W/YOR004W	5
GO:0000472	endonucleolytic cleavage to generate mature 5'-end of SSU-rRNA from (SSU-rRNA, 5.8S rRNA, LSU-rRNA) [biological_process]	5/255	33/7127	0.00588717227642971	0.0675623104104552	0.0675623104104552	YCR057C/YGL171W/YHR169W/YOL010W/YOR004W	5
GO:0016237	microautophagy [biological_process]	3/255	12/7127	0.00783467628876038	0.0858253175268751	0.0858253175268751	YER072W/YJL012C/YPL019C	3
GO:0000027	ribosomal large subunit assembly [biological_process]	5/255	37/7127	0.00963004647433143	0.100906139144082	0.100906139144082	YCR072C/YHR085W/YHR197W/YLL008W/YNL182C	5
GO:0010447	response to acidic pH [biological_process]	2/255	5/7127	0.0118713603153259	0.119208243166397	0.119208243166397	YER150W/YHR030C	2
GO:0030003	intracellular monoatomic cation homeostasis [biological_process]	3/255	15/7127	0.0149693169811844	0.133615014535757	0.133615014535757	YDR011W/YMR105C/YOR153W	3
GO:0030174	regulation of DNA-templated DNA replication initiation [biological_process]	3/255	15/7127	0.0149693169811844	0.133615014535757	0.133615014535757	YHR085W/YHR197W/YNL182C	3
GO:0045943	positive regulation of transcription by RNA polymerase I [biological_process]	3/255	15/7127	0.0149693169811844	0.133615014535757	0.133615014535757	YGR128C/YHR196W/YMR093W	3
GO:0000296	spermine transport [biological_process]	2/255	6/7127	0.0173892242149462	0.149132278249651	0.149132278249651	YGR138C/YOR273C	2
GO:0007034	vacuolar transport [biological_process]	3/255	16/7127	0.0179453778806634	0.149132278249651	0.149132278249651	YER072W/YJL012C/YPL019C	3
GO:0000447	endonucleolytic cleavage in ITS1 to separate SSU-rRNA from 5.8S rRNA and LSU-rRNA from tricistronic rRNA transcript (SSU-rRNA, 5.8S rRNA, LSU-rRNA) [biological_process]	5/255	44/7127	0.0196122364914259	0.157551633147788	0.157551633147788	YCR057C/YGL171W/YHR169W/YOL010W/YOR004W	5
GO:0006090	pyruvate metabolic process [biological_process]	2/255	7/7127	0.0237754097387646	0.179058554595071	0.179058554595071	YAL038W/YKL029C	2
GO:0006164	purine nucleotide biosynthetic process [biological_process]	2/255	7/7127	0.0237754097387646	0.179058554595071	0.179058554595071	YAR015W/YMR120C	2
GO:0006879	intracellular iron ion homeostasis [biological_process]	4/255	32/7127	0.0261982358546924	0.191326510332753	0.191326510332753	YEL065W/YHL047C/YLR136C/YNL259C	4
GO:0042273	ribosomal large subunit biogenesis [biological_process]	5/255	48/7127	0.0275756360918841	0.195462597004238	0.195462597004238	YAL025C/YBR267W/YDL063C/YKL009W/YPL093W	5
GO:0006267	pre-replicative complex assembly involved in nuclear cell cycle DNA replication [biological_process]	3/255	19/7127	0.0287039757415129	0.197647375820132	0.197647375820132	YHR085W/YHR197W/YNL182C	3
GO:0006839	mitochondrial transport [biological_process]	2/255	8/7127	0.030961213857314	0.201666284854397	0.201666284854397	YMR056C/YPL134C	2
GO:0015677	copper ion import [biological_process]	2/255	8/7127	0.030961213857314	0.201666284854397	0.201666284854397	YOL152W/YPR124W	2
GO:0000463	maturation of LSU-rRNA from tricistronic rRNA transcript (SSU-rRNA, 5.8S rRNA, LSU-rRNA) [biological_process]	4/255	35/7127	0.0351173493292092	0.214816521858177	0.214816521858177	YAL025C/YHR052W/YHR085W/YKR024C	4
GO:0034599	cellular response to oxidative stress [biological_process]	6/255	70/7127	0.0384963971902532	0.214816521858177	0.214816521858177	YBR244W/YDL010W/YER042W/YGR234W/YMR250W/YNL259C	6
GO:0000054	ribosomal subunit export from nucleus [biological_process]	2/255	9/7127	0.0388817052711097	0.214816521858177	0.214816521858177	YDL229W/YPL093W	2
GO:0000956	nuclear-transcribed mRNA catabolic process [biological_process]	2/255	10/7127	0.047475544165486	0.214816521858177	0.214816521858177	YKL009W/YLR136C	2
GO:0000278	mitotic cell cycle [biological_process]	2/255	11/7127	0.0566848099564714	0.214816521858177	0.214816521858177	YBR267W/YOR315W	2
GO:0006783	heme biosynthetic process [biological_process]	2/255	11/7127	0.0566848099564714	0.214816521858177	0.214816521858177	YDR044W/YMR056C	2
GO:0006749	glutathione metabolic process [biological_process]	2/255	12/7127	0.0664548366900136	0.214816521858177	0.214816521858177	YKR076W/YLL060C	2
GO:0006865	amino acid transport [biological_process]	2/255	12/7127	0.0664548366900136	0.214816521858177	0.214816521858177	YCL025C/YKR039W	2
GO:0009272	fungal-type cell wall biogenesis [biological_process]	2/255	12/7127	0.0664548366900136	0.214816521858177	0.214816521858177	YHR030C/YIL119C	2
GO:0006033	chitin localization [biological_process]	1/255	2/7127	0.0702835343578663	0.214816521858177	0.214816521858177	YLR194C	1
GO:0006101	citrate metabolic process [biological_process]	1/255	2/7127	0.0702835343578663	0.214816521858177	0.214816521858177	YCR005C	1
GO:0006110	regulation of glycolytic process [biological_process]	1/255	2/7127	0.0702835343578663	0.214816521858177	0.214816521858177	YOL136C	1
GO:0006112	energy reserve metabolic process [biological_process]	1/255	2/7127	0.0702835343578663	0.214816521858177	0.214816521858177	YER067W	1
GO:0006183	GTP biosynthetic process [biological_process]	1/255	2/7127	0.0702835343578663	0.214816521858177	0.214816521858177	YHR216W	1
GO:0006473	protein acetylation [biological_process]	1/255	2/7127	0.0702835343578663	0.214816521858177	0.214816521858177	YEL066W	1
GO:0006546	glycine catabolic process [biological_process]	1/255	2/7127	0.0702835343578663	0.214816521858177	0.214816521858177	YAL044C	1
GO:0006825	copper ion transport [biological_process]	1/255	2/7127	0.0702835343578663	0.214816521858177	0.214816521858177	YNL259C	1
GO:0007188	adenylate cyclase-modulating G protein-coupled receptor signaling pathway [biological_process]	1/255	2/7127	0.0702835343578663	0.214816521858177	0.214816521858177	YOR107W	1
GO:0008612	peptidyl-hypusine biosynthetic process [biological_process]	1/255	2/7127	0.0702835343578663	0.214816521858177	0.214816521858177	YJR070C	1
GO:0009083	branched-chain amino acid catabolic process [biological_process]	1/255	2/7127	0.0702835343578663	0.214816521858177	0.214816521858177	YJR148W	1
GO:0009085	L-lysine biosynthetic process [biological_process]	1/255	2/7127	0.0702835343578663	0.214816521858177	0.214816521858177	YIL094C	1
GO:0009299	mRNA transcription [biological_process]	1/255	2/7127	0.0702835343578663	0.214816521858177	0.214816521858177	YDR191W	1
GO:0015812	gamma-aminobutyric acid transport [biological_process]	1/255	2/7127	0.0702835343578663	0.214816521858177	0.214816521858177	YOR348C	1
GO:0015846	polyamine transport [biological_process]	1/255	2/7127	0.0702835343578663	0.214816521858177	0.214816521858177	YKR039W	1
GO:0019255	glucose 1-phosphate metabolic process [biological_process]	1/255	2/7127	0.0702835343578663	0.214816521858177	0.214816521858177	YMR105C	1
GO:0032781	positive regulation of ATP-dependent activity [biological_process]	1/255	2/7127	0.0702835343578663	0.214816521858177	0.214816521858177	YCR024C-A	1
GO:0035965	cardiolipin acyl-chain remodeling [biological_process]	1/255	2/7127	0.0702835343578663	0.214816521858177	0.214816521858177	YGR110W	1
GO:0036151	phosphatidylcholine acyl-chain remodeling [biological_process]	1/255	2/7127	0.0702835343578663	0.214816521858177	0.214816521858177	YMR008C	1
GO:0042148	DNA strand invasion [biological_process]	1/255	2/7127	0.0702835343578663	0.214816521858177	0.214816521858177	YOR290C	1
GO:0046459	short-chain fatty acid metabolic process [biological_process]	1/255	2/7127	0.0702835343578663	0.214816521858177	0.214816521858177	YDR191W	1
GO:0051156	glucose 6-phosphate metabolic process [biological_process]	1/255	2/7127	0.0702835343578663	0.214816521858177	0.214816521858177	YMR105C	1
GO:0051180	vitamin transport [biological_process]	1/255	2/7127	0.0702835343578663	0.214816521858177	0.214816521858177	YNR056C	1
GO:0060003	copper ion export [biological_process]	1/255	2/7127	0.0702835343578663	0.214816521858177	0.214816521858177	YIL121W	1
GO:0060256	regulation of flocculation [biological_process]	1/255	2/7127	0.0702835343578663	0.214816521858177	0.214816521858177	YHR030C	1
GO:0070301	cellular response to hydrogen peroxide [biological_process]	1/255	2/7127	0.0702835343578663	0.214816521858177	0.214816521858177	YOL052C-A	1
GO:0071578	zinc ion import across plasma membrane [biological_process]	1/255	2/7127	0.0702835343578663	0.214816521858177	0.214816521858177	YGL255W	1
GO:0097576	vacuole fusion [biological_process]	1/255	2/7127	0.0702835343578663	0.214816521858177	0.214816521858177	YPR149W	1
GO:0098609	cell-cell adhesion [biological_process]	1/255	2/7127	0.0702835343578663	0.214816521858177	0.214816521858177	YOR315W	1
GO:0098718	serine import across plasma membrane [biological_process]	1/255	2/7127	0.0702835343578663	0.214816521858177	0.214816521858177	YCL025C	1
GO:0120236	negative regulation of post-translational protein targeting to membrane, translocation [biological_process]	1/255	2/7127	0.0702835343578663	0.214816521858177	0.214816521858177	YML055W	1
GO:2000200	regulation of ribosomal subunit export from nucleus [biological_process]	1/255	2/7127	0.0702835343578663	0.214816521858177	0.214816521858177	YNR053C	1
GO:0042274	ribosomal small subunit biogenesis [biological_process]	3/255	27/7127	0.0704170341360828	0.214816521858177	0.214816521858177	YHR148W/YIL091C/YKR060W	3
GO:0006878	intracellular copper ion homeostasis [biological_process]	2/255	14/7127	0.0874738457090457	0.247102781768682	0.247102781768682	YER053C/YMR244C-A	2
GO:0000038	very long-chain fatty acid metabolic process [biological_process]	1/255	3/7127	0.103557597338742	0.247102781768682	0.247102781768682	YMR272C	1
GO:0006003	fructose 2,6-bisphosphate metabolic process [biological_process]	1/255	3/7127	0.103557597338742	0.247102781768682	0.247102781768682	YOL136C	1
GO:0006011	UDP-alpha-D-glucose metabolic process [biological_process]	1/255	3/7127	0.103557597338742	0.247102781768682	0.247102781768682	YMR105C	1
GO:0006567	L-threonine catabolic process [biological_process]	1/255	3/7127	0.103557597338742	0.247102781768682	0.247102781768682	YCL064C	1
GO:0007009	plasma membrane organization [biological_process]	1/255	3/7127	0.103557597338742	0.247102781768682	0.247102781768682	YPR149W	1
GO:0009070	serine family amino acid biosynthetic process [biological_process]	1/255	3/7127	0.103557597338742	0.247102781768682	0.247102781768682	YER081W	1
GO:0009113	purine nucleobase biosynthetic process [biological_process]	1/255	3/7127	0.103557597338742	0.247102781768682	0.247102781768682	YKR080W	1
GO:0010973	positive regulation of division septum assembly [biological_process]	1/255	3/7127	0.103557597338742	0.247102781768682	0.247102781768682	YHR030C	1
GO:0015856	cytosine transport [biological_process]	1/255	3/7127	0.103557597338742	0.247102781768682	0.247102781768682	YER056C	1
GO:0016070	RNA metabolic process [biological_process]	1/255	3/7127	0.103557597338742	0.247102781768682	0.247102781768682	YHR087W	1
GO:0018216	peptidyl-arginine methylation [biological_process]	1/255	3/7127	0.103557597338742	0.247102781768682	0.247102781768682	YBR034C	1
GO:0019379	sulfate assimilation, phosphoadenylyl sulfate reduction by phosphoadenylyl-sulfate reductase (thioredoxin) [biological_process]	1/255	3/7127	0.103557597338742	0.247102781768682	0.247102781768682	YPR167C	1
GO:0019388	galactose catabolic process [biological_process]	1/255	3/7127	0.103557597338742	0.247102781768682	0.247102781768682	YMR105C	1
GO:0032780	negative regulation of ATP-dependent activity [biological_process]	1/255	3/7127	0.103557597338742	0.247102781768682	0.247102781768682	YCR021C	1
GO:0032973	amino acid export across plasma membrane [biological_process]	1/255	3/7127	0.103557597338742	0.247102781768682	0.247102781768682	YIL121W	1
GO:0046656	folic acid biosynthetic process [biological_process]	1/255	3/7127	0.103557597338742	0.247102781768682	0.247102781768682	YBR034C	1
GO:0061091	regulation of phospholipid translocation [biological_process]	1/255	3/7127	0.103557597338742	0.247102781768682	0.247102781768682	YPR149W	1
GO:0071465	cellular response to desiccation [biological_process]	1/255	3/7127	0.103557597338742	0.247102781768682	0.247102781768682	YGR008C	1
GO:0072530	purine-containing compound transmembrane transport [biological_process]	1/255	3/7127	0.103557597338742	0.247102781768682	0.247102781768682	YER056C	1
GO:0110136	protein-RNA complex remodeling [biological_process]	1/255	3/7127	0.103557597338742	0.247102781768682	0.247102781768682	YCR072C	1
GO:2001040	positive regulation of cellular response to drug [biological_process]	1/255	3/7127	0.103557597338742	0.247102781768682	0.247102781768682	YBL005W	1
GO:0000466	maturation of 5.8S rRNA from tricistronic rRNA transcript (SSU-rRNA, 5.8S rRNA, LSU-rRNA) [biological_process]	2/255	16/7127	0.11015453297734	0.257740217937271	0.257740217937271	YAL025C/YHR052W	2
GO:0006096	glycolytic process [biological_process]	2/255	16/7127	0.11015453297734	0.257740217937271	0.257740217937271	YAL038W/YHR174W	2
GO:0042144	vacuole fusion, non-autophagic [biological_process]	3/255	33/7127	0.112682010837932	0.261118890499438	0.261118890499438	YER072W/YJL012C/YPL019C	3
GO:0009410	response to xenobiotic stimulus [biological_process]	2/255	17/7127	0.12201166297599	0.270169569752434	0.270169569752434	YDR406W/YOR153W	2
GO:0000226	microtubule cytoskeleton organization [biological_process]	1/255	4/7127	0.135645302655786	0.270169569752434	0.270169569752434	YJR070C	1
GO:0000464	endonucleolytic cleavage in ITS1 upstream of 5.8S rRNA from tricistronic rRNA transcript (SSU-rRNA, 5.8S rRNA, LSU-rRNA) [biological_process]	1/255	4/7127	0.135645302655786	0.270169569752434	0.270169569752434	YKR024C	1
GO:0001933	negative regulation of protein phosphorylation [biological_process]	1/255	4/7127	0.135645302655786	0.270169569752434	0.270169569752434	YPR149W	1
GO:0006673	inositol phosphoceramide metabolic process [biological_process]	1/255	4/7127	0.135645302655786	0.270169569752434	0.270169569752434	YMR272C	1
GO:0006740	NADPH regeneration [biological_process]	1/255	4/7127	0.135645302655786	0.270169569752434	0.270169569752434	YPL061W	1
GO:0006798	polyphosphate catabolic process [biological_process]	1/255	4/7127	0.135645302655786	0.270169569752434	0.270169569752434	YNL217W	1
GO:0009098	L-leucine biosynthetic process [biological_process]	1/255	4/7127	0.135645302655786	0.270169569752434	0.270169569752434	YOR108W	1
GO:0009396	folic acid-containing compound biosynthetic process [biological_process]	1/255	4/7127	0.135645302655786	0.270169569752434	0.270169569752434	YKR080W	1
GO:0015793	glycerol transmembrane transport [biological_process]	1/255	4/7127	0.135645302655786	0.270169569752434	0.270169569752434	YDR536W	1
GO:0015824	proline transport [biological_process]	1/255	4/7127	0.135645302655786	0.270169569752434	0.270169569752434	YOR348C	1
GO:0015908	fatty acid transport [biological_process]	1/255	4/7127	0.135645302655786	0.270169569752434	0.270169569752434	YKR013W	1
GO:0019413	acetate biosynthetic process [biological_process]	1/255	4/7127	0.135645302655786	0.270169569752434	0.270169569752434	YPL061W	1
GO:0031496	positive regulation of mating type switching [biological_process]	1/255	4/7127	0.135645302655786	0.270169569752434	0.270169569752434	YOR290C	1
GO:0036498	IRE1-mediated unfolded protein response [biological_process]	1/255	4/7127	0.135645302655786	0.270169569752434	0.270169569752434	YHR030C	1
GO:0042759	long-chain fatty acid biosynthetic process [biological_process]	1/255	4/7127	0.135645302655786	0.270169569752434	0.270169569752434	YKL182W	1
GO:1901426	response to furfural [biological_process]	1/255	4/7127	0.135645302655786	0.270169569752434	0.270169569752434	YNL134C	1
GO:0000086	G2/M transition of mitotic cell cycle [biological_process]	2/255	19/7127	0.146568349368927	0.284862679015414	0.284862679015414	YGR108W/YGR211W	2
GO:0007165	signal transduction [biological_process]	2/255	19/7127	0.146568349368927	0.284862679015414	0.284862679015414	YDR277C/YHR030C	2
GO:0060237	regulation of fungal-type cell wall organization [biological_process]	2/255	19/7127	0.146568349368927	0.284862679015414	0.284862679015414	YHR030C/YPR149W	2
GO:0045944	positive regulation of transcription by RNA polymerase II [biological_process]	10/255	193/7127	0.153350744734039	0.295660235847227	0.295660235847227	YBL005W/YGL162W/YGR044C/YIL056W/YIL119C/YKL043W/YKL062W/YMR042W/YOR290C/YPR009W	10
GO:0000103	sulfate assimilation [biological_process]	1/255	5/7127	0.166588788240901	0.297391836785609	0.297391836785609	YFR030W	1
GO:0005979	regulation of glycogen biosynthetic process [biological_process]	1/255	5/7127	0.166588788240901	0.297391836785609	0.297391836785609	YLR273C	1
GO:0007534	gene conversion at mating-type locus [biological_process]	1/255	5/7127	0.166588788240901	0.297391836785609	0.297391836785609	YDL227C	1
GO:0009249	protein lipoylation [biological_process]	1/255	5/7127	0.166588788240901	0.297391836785609	0.297391836785609	YAL044C	1
GO:0015848	spermidine transport [biological_process]	1/255	5/7127	0.166588788240901	0.297391836785609	0.297391836785609	YOR273C	1
GO:0034354	'de novo' NAD+ biosynthetic process from L-tryptophan [biological_process]	1/255	5/7127	0.166588788240901	0.297391836785609	0.297391836785609	YJR078W	1
GO:0045835	negative regulation of meiotic nuclear division [biological_process]	1/255	5/7127	0.166588788240901	0.297391836785609	0.297391836785609	YGR044C	1
GO:0051083	'de novo' cotranslational protein folding [biological_process]	1/255	5/7127	0.166588788240901	0.297391836785609	0.297391836785609	YDL229W	1
GO:0071528	tRNA re-export from nucleus [biological_process]	1/255	5/7127	0.166588788240901	0.297391836785609	0.297391836785609	YHR196W	1
GO:2000766	negative regulation of cytoplasmic translation [biological_process]	1/255	5/7127	0.166588788240901	0.297391836785609	0.297391836785609	YLR136C	1
GO:0000256	allantoin catabolic process [biological_process]	1/255	6/7127	0.196428701046092	0.326478047945574	0.326478047945574	YIR028W	1
GO:0005977	glycogen metabolic process [biological_process]	1/255	6/7127	0.196428701046092	0.326478047945574	0.326478047945574	YOR178C	1
GO:0006452	translational frameshifting [biological_process]	1/255	6/7127	0.196428701046092	0.326478047945574	0.326478047945574	YDL229W	1
GO:0006491	N-glycan processing [biological_process]	1/255	6/7127	0.196428701046092	0.326478047945574	0.326478047945574	YER001W	1
GO:0009082	branched-chain amino acid biosynthetic process [biological_process]	1/255	6/7127	0.196428701046092	0.326478047945574	0.326478047945574	YJR148W	1
GO:0009102	biotin biosynthetic process [biological_process]	1/255	6/7127	0.196428701046092	0.326478047945574	0.326478047945574	YNR056C	1
GO:0036267	invasive filamentous growth [biological_process]	1/255	6/7127	0.196428701046092	0.326478047945574	0.326478047945574	YOR315W	1
GO:0043457	regulation of cellular respiration [biological_process]	1/255	6/7127	0.196428701046092	0.326478047945574	0.326478047945574	YKL109W	1
GO:1990961	xenobiotic detoxification by transmembrane export across the plasma membrane [biological_process]	1/255	6/7127	0.196428701046092	0.326478047945574	0.326478047945574	YOR153W	1
GO:2000222	positive regulation of pseudohyphal growth [biological_process]	1/255	6/7127	0.196428701046092	0.326478047945574	0.326478047945574	YKL043W	1
GO:0009060	aerobic respiration [biological_process]	3/255	43/7127	0.198302229203456	0.327334501630363	0.327334501630363	YBR238C/YMR056C/YMR081C	3
GO:0000105	L-histidine biosynthetic process [biological_process]	1/255	7/7127	0.225204249597314	0.345695695241736	0.345695695241736	YCL030C	1
GO:0005992	trehalose biosynthetic process [biological_process]	1/255	7/7127	0.225204249597314	0.345695695241736	0.345695695241736	YMR105C	1
GO:0006790	sulfur compound metabolic process [biological_process]	1/255	7/7127	0.225204249597314	0.345695695241736	0.345695695241736	YFR055W	1
GO:0006817	phosphate ion transport [biological_process]	1/255	7/7127	0.225204249597314	0.345695695241736	0.345695695241736	YBR296C	1
GO:0006826	iron ion transport [biological_process]	1/255	7/7127	0.225204249597314	0.345695695241736	0.345695695241736	YOL152W	1
GO:0007533	mating type switching [biological_process]	1/255	7/7127	0.225204249597314	0.345695695241736	0.345695695241736	YDL227C	1
GO:0010696	positive regulation of mitotic spindle pole body separation [biological_process]	1/255	7/7127	0.225204249597314	0.345695695241736	0.345695695241736	YGR108W	1
GO:0015886	heme transport [biological_process]	1/255	7/7127	0.225204249597314	0.345695695241736	0.345695695241736	YMR056C	1
GO:0032048	cardiolipin metabolic process [biological_process]	1/255	7/7127	0.225204249597314	0.345695695241736	0.345695695241736	YGR110W	1
GO:0071042	nuclear polyadenylation-dependent mRNA catabolic process [biological_process]	1/255	7/7127	0.225204249597314	0.345695695241736	0.345695695241736	YNL112W	1
GO:2000219	positive regulation of invasive growth in response to glucose limitation [biological_process]	1/255	7/7127	0.225204249597314	0.345695695241736	0.345695695241736	YOR290C	1
GO:0006488	dolichol-linked oligosaccharide biosynthetic process [biological_process]	1/255	8/7127	0.252953254703028	0.371717892581888	0.371717892581888	YBR070C	1
GO:0007117	budding cell bud growth [biological_process]	1/255	8/7127	0.252953254703028	0.371717892581888	0.371717892581888	YBR267W	1
GO:0009267	cellular response to starvation [biological_process]	1/255	8/7127	0.252953254703028	0.371717892581888	0.371717892581888	YOL052C-A	1
GO:0018345	protein palmitoylation [biological_process]	1/255	8/7127	0.252953254703028	0.371717892581888	0.371717892581888	YOL110W	1
GO:0032889	regulation of vacuole fusion, non-autophagic [biological_process]	1/255	8/7127	0.252953254703028	0.371717892581888	0.371717892581888	YHR174W	1
GO:0070941	eisosome assembly [biological_process]	1/255	8/7127	0.252953254703028	0.371717892581888	0.371717892581888	YPR149W	1
GO:1902626	assembly of large subunit precursor of preribosome [biological_process]	1/255	8/7127	0.252953254703028	0.371717892581888	0.371717892581888	YPL093W	1
GO:0000294	nuclear-transcribed mRNA catabolic process, RNase MRP-dependent [biological_process]	1/255	9/7127	0.279712198382017	0.391922324477129	0.391922324477129	YHR062C	1
GO:0000436	carbon catabolite activation of transcription from RNA polymerase II promoter [biological_process]	1/255	9/7127	0.279712198382017	0.391922324477129	0.391922324477129	YKL109W	1
GO:0006913	nucleocytoplasmic transport [biological_process]	1/255	9/7127	0.279712198382017	0.391922324477129	0.391922324477129	YBR267W	1
GO:0009306	protein secretion [biological_process]	1/255	9/7127	0.279712198382017	0.391922324477129	0.391922324477129	YPR149W	1
GO:0032979	protein insertion into mitochondrial inner membrane from matrix [biological_process]	1/255	9/7127	0.279712198382017	0.391922324477129	0.391922324477129	YNR040W	1
GO:0034965	intronic box C/D snoRNA processing [biological_process]	1/255	9/7127	0.279712198382017	0.391922324477129	0.391922324477129	YHR062C	1
GO:0042149	cellular response to glucose starvation [biological_process]	1/255	9/7127	0.279712198382017	0.391922324477129	0.391922324477129	YDL229W	1
GO:0045047	protein targeting to ER [biological_process]	1/255	9/7127	0.279712198382017	0.391922324477129	0.391922324477129	YML055W	1
GO:0007124	pseudohyphal growth [biological_process]	3/255	53/7127	0.294592949489092	0.410386709981914	0.410386709981914	YHR143W/YJR147W/YOR315W	3
GO:0000184	nuclear-transcribed mRNA catabolic process, nonsense-mediated decay [biological_process]	1/255	10/7127	0.305516271072744	0.411337549321403	0.411337549321403	YNL112W	1
GO:0000196	cell integrity MAPK cascade [biological_process]	1/255	10/7127	0.305516271072744	0.411337549321403	0.411337549321403	YHR030C	1
GO:0006882	intracellular zinc ion homeostasis [biological_process]	1/255	10/7127	0.305516271072744	0.411337549321403	0.411337549321403	YOL002C	1
GO:0007265	Ras protein signal transduction [biological_process]	1/255	10/7127	0.305516271072744	0.411337549321403	0.411337549321403	YIL119C	1
GO:0009651	response to salt stress [biological_process]	1/255	10/7127	0.305516271072744	0.411337549321403	0.411337549321403	YPL061W	1
GO:0034605	cellular response to heat [biological_process]	1/255	10/7127	0.305516271072744	0.411337549321403	0.411337549321403	YOL052C-A	1
GO:0000055	ribosomal large subunit export from nucleus [biological_process]	2/255	32/7127	0.318414654556749	0.426321843045425	0.426321843045425	YKL009W/YNR053C	2
GO:0000755	cytogamy [biological_process]	1/255	11/7127	0.33039941718437	0.432751410551268	0.432751410551268	YCL027W	1
GO:0001932	regulation of protein phosphorylation [biological_process]	1/255	11/7127	0.33039941718437	0.432751410551268	0.432751410551268	YGR108W	1
GO:0030447	filamentous growth [biological_process]	1/255	11/7127	0.33039941718437	0.432751410551268	0.432751410551268	YEL071W	1
GO:0072659	protein localization to plasma membrane [biological_process]	1/255	11/7127	0.33039941718437	0.432751410551268	0.432751410551268	YPR149W	1
GO:0006094	gluconeogenesis [biological_process]	1/255	12/7127	0.354394379047494	0.454303432715138	0.454303432715138	YKR097W	1
GO:0006450	regulation of translational fidelity [biological_process]	1/255	12/7127	0.354394379047494	0.454303432715138	0.454303432715138	YDL229W	1
GO:0006493	protein O-linked glycosylation [biological_process]	1/255	12/7127	0.354394379047494	0.454303432715138	0.454303432715138	YER001W	1
GO:0006874	intracellular calcium ion homeostasis [biological_process]	1/255	12/7127	0.354394379047494	0.454303432715138	0.454303432715138	YMR105C	1
GO:0006415	translational termination [biological_process]	1/255	13/7127	0.377532739320563	0.471426892104952	0.471426892104952	YDL229W	1
GO:0007052	mitotic spindle organization [biological_process]	1/255	13/7127	0.377532739320563	0.471426892104952	0.471426892104952	YGR108W	1
GO:0009408	response to heat [biological_process]	1/255	13/7127	0.377532739320563	0.471426892104952	0.471426892104952	YOR178C	1
GO:0016558	protein import into peroxisome matrix [biological_process]	1/255	13/7127	0.377532739320563	0.471426892104952	0.471426892104952	YDL022W	1
GO:0030968	endoplasmic reticulum unfolded protein response [biological_process]	1/255	13/7127	0.377532739320563	0.471426892104952	0.471426892104952	YHR030C	1
GO:0000028	ribosomal small subunit assembly [biological_process]	1/255	14/7127	0.399844961906065	0.481813179096808	0.481813179096808	YGR159C	1
GO:0000747	conjugation with cellular fusion [biological_process]	1/255	14/7127	0.399844961906065	0.481813179096808	0.481813179096808	YJL170C	1
GO:0006099	tricarboxylic acid cycle [biological_process]	1/255	14/7127	0.399844961906065	0.481813179096808	0.481813179096808	YJL200C	1
GO:0030490	maturation of SSU-rRNA [biological_process]	1/255	14/7127	0.399844961906065	0.481813179096808	0.481813179096808	YGL171W	1
GO:0034976	response to endoplasmic reticulum stress [biological_process]	1/255	14/7127	0.399844961906065	0.481813179096808	0.481813179096808	YHR030C	1
GO:0051276	chromosome organization [biological_process]	1/255	14/7127	0.399844961906065	0.481813179096808	0.481813179096808	YGR159C	1
GO:1990414	replication-born double-strand break repair via sister chromatid exchange [biological_process]	1/255	14/7127	0.399844961906065	0.481813179096808	0.481813179096808	YDR191W	1
GO:0030163	protein catabolic process [biological_process]	1/255	15/7127	0.421360431428622	0.500235783124621	0.500235783124621	YHR052W	1
GO:0030488	tRNA methylation [biological_process]	1/255	15/7127	0.421360431428622	0.500235783124621	0.500235783124621	YNL062C	1
GO:0032120	ascospore-type prospore membrane formation [biological_process]	1/255	15/7127	0.421360431428622	0.500235783124621	0.500235783124621	YKL096W	1
GO:0006612	protein targeting to membrane [biological_process]	1/255	16/7127	0.442107491325375	0.519745880045928	0.519745880045928	YOL110W	1
GO:0008654	phospholipid biosynthetic process [biological_process]	1/255	16/7127	0.442107491325375	0.519745880045928	0.519745880045928	YDR018C	1
GO:0000122	negative regulation of transcription by RNA polymerase II [biological_process]	5/255	124/7127	0.458028767522771	0.532867697722143	0.532867697722143	YGL162W/YGR044C/YIL101C/YOL002C/YPR009W	5
GO:0000077	DNA damage checkpoint signaling [biological_process]	1/255	17/7127	0.462113480597211	0.532867697722143	0.532867697722143	YPR015C	1
GO:0006369	termination of RNA polymerase II transcription [biological_process]	1/255	17/7127	0.462113480597211	0.532867697722143	0.532867697722143	YNL112W	1
GO:0015918	sterol transport [biological_process]	1/255	17/7127	0.462113480597211	0.532867697722143	0.532867697722143	YKR013W	1
GO:0006261	DNA-templated DNA replication [biological_process]	1/255	19/7127	0.500006792595489	0.568403948186381	0.568403948186381	YOR290C	1
GO:0006409	tRNA export from nucleus [biological_process]	1/255	19/7127	0.500006792595489	0.568403948186381	0.568403948186381	YGR128C	1
GO:0008033	tRNA processing [biological_process]	1/255	19/7127	0.500006792595489	0.568403948186381	0.568403948186381	YHR062C	1
GO:0007094	mitotic spindle assembly checkpoint signaling [biological_process]	1/255	20/7127	0.517944084082286	0.583292169457153	0.583292169457153	YOR178C	1
GO:0042254	ribosome biogenesis [biological_process]	1/255	20/7127	0.517944084082286	0.583292169457153	0.583292169457153	YKL078W	1
GO:0006310	DNA recombination [biological_process]	1/255	21/7127	0.535240307321207	0.599967042160051	0.599967042160051	YGR159C	1
GO:0030010	establishment of cell polarity [biological_process]	1/255	23/7127	0.568000037164864	0.63082031777296	0.63082031777296	YCR057C	1
GO:0030242	autophagy of peroxisome [biological_process]	1/255	23/7127	0.568000037164864	0.63082031777296	0.63082031777296	YHR030C	1
GO:0000082	G1/S transition of mitotic cell cycle [biological_process]	1/255	24/7127	0.583506792587578	0.645069435842231	0.645069435842231	YDR247W	1
GO:0006696	ergosterol biosynthetic process [biological_process]	1/255	26/7127	0.612876514086017	0.674444017784156	0.674444017784156	YMR015C	1
GO:0033617	mitochondrial respiratory chain complex IV assembly [biological_process]	1/255	27/7127	0.626778286921965	0.68660712340088	0.68660712340088	YMR244C-A	1
GO:0006406	mRNA export from nucleus [biological_process]	1/255	28/7127	0.640182728729697	0.694973142449807	0.694973142449807	YBR034C	1
GO:0032880	regulation of protein localization [biological_process]	1/255	28/7127	0.640182728729697	0.694973142449807	0.694973142449807	YDR247W	1
GO:0006302	double-strand break repair [biological_process]	1/255	29/7127	0.653107563801387	0.702673762839886	0.702673762839886	YOR290C	1
GO:0008361	regulation of cell size [biological_process]	1/255	29/7127	0.653107563801387	0.702673762839886	0.702673762839886	YHR030C	1
GO:0006281	DNA repair [biological_process]	2/255	64/7127	0.673580338513537	0.721479384807833	0.721479384807833	YLR151C/YMR173W	2
GO:0006303	double-strand break repair via nonhomologous end joining [biological_process]	1/255	31/7127	0.677586186836524	0.722558721361072	0.722558721361072	YNL133C	1
GO:0007005	mitochondrion organization [biological_process]	1/255	35/7127	0.721500845050457	0.762639051127895	0.762639051127895	YHL021C	1
GO:0051321	meiotic cell cycle [biological_process]	1/255	35/7127	0.721500845050457	0.762639051127895	0.762639051127895	YOR178C	1
GO:0006338	chromatin remodeling [biological_process]	2/255	76/7127	0.762032686801552	0.801964530651415	0.801964530651415	YKL062W/YOR290C	2
GO:0001403	invasive growth in response to glucose limitation [biological_process]	1/255	41/7127	0.776452034374534	0.813586696888098	0.813586696888098	YER124C	1
GO:0032968	positive regulation of transcription elongation by RNA polymerase II [biological_process]	1/255	42/7127	0.784496732544798	0.81845763005756	0.81845763005756	YBR034C	1
GO:0006974	DNA damage response [biological_process]	1/255	43/7127	0.792253025163158	0.819520464631444	0.819520464631444	YOL052C-A	1
GO:0006357	regulation of transcription by RNA polymerase II [biological_process]	2/255	81/7127	0.792316465805504	0.819520464631444	0.819520464631444	YBL054W/YIL056W	2
GO:0007059	chromosome segregation [biological_process]	1/255	45/7127	0.806941228075344	0.831080495581871	0.831080495581871	YDR374W-A	1
GO:0030476	ascospore wall assembly [biological_process]	1/255	48/7127	0.827056355305135	0.848172687781011	0.848172687781011	YOL047C	1
GO:0006606	protein import into nucleus [biological_process]	1/255	51/7127	0.845083011649082	0.862987312743342	0.862987312743342	YDL063C	1
GO:0006623	protein targeting to vacuole [biological_process]	1/255	53/7127	0.856048166342731	0.870496236660751	0.870496236660751	YHR136C	1
GO:0031509	subtelomeric heterochromatin formation [biological_process]	1/255	62/7127	0.89657269730063	0.907874033821226	0.907874033821226	YDR191W	1
GO:0016236	macroautophagy [biological_process]	1/255	67/7127	0.913942861817609	0.921590919238677	0.921590919238677	YLR211C	1
GO:0032543	mitochondrial translation [biological_process]	1/255	98/7127	0.972556585118878	0.97660890422354	0.97660890422354	YOL114C	1
GO:0002181	cytoplasmic translation [biological_process]	1/255	126/7127	0.990267984315499	0.990267984315499	0.990267984315499	YDL229W	1
